"fecha","total-bitcoins","volumen-comercio","promedio-bloque","billetera-usuarios","pagos-moneda","precio-mercado"
"7/3/2020","18421362.50","107207537.51","3453.79","50807793","542245","9087.98"
"7/4/2020","18421587.50","57803290.99","2975.13","50807793","484947","9072.42"
"7/5/2020","18421806.25","38839661.83","4027.67","50819572","620261","9131.31"
"7/6/2020","18422025.00","50720848.73","4034.94","50834080","649625","9089.09"
"7/7/2020","18422243.75","113743420.03","4257.64","50844380","642903","9348.91"
"7/8/2020","18422462.50","95242533.96","4035.80","50849128","661872","9256.23"
"7/9/2020","18422681.25","121129125.40","3979.11","50862584","640637","9440.07"
"7/10/2020","18422900.00","98869845.96","3681.11","50874784","574253","9238.04"
"7/11/2020","18423118.75","79818144.58","3274.82","50874784","497772","9287.40"
"7/12/2020","18423337.50","30014745.73","3994.27","50883886","587157","9235.96"
"7/13/2020","18423556.25","42610639.38","4673.51","50888757","672986","9295.90"
"7/14/2020","18423775.00","78223034.34","4506.58","50899899","621908","9238.13"
"7/15/2020","18423993.75","88249714.54","4829.24","50908842","656776","9254.52"
"7/16/2020","18424212.50","83393685.66","4872.98","50922841","575012","9193.51"
"7/17/2020","18424431.25","88531436.70","4487.65","50933404","583395","9131.00"
"7/18/2020","18424650.00","71682525.59","3858.48","50933404","505461","9154.19"
"7/19/2020","18424868.75","29934693.31","4157.30","50946336","586180","9174.71"
"7/20/2020","18425087.50","32799397.98","4909.11","50956444","613639","9214.66"
"7/21/2020","18425318.75","59994848.86","4796.31","50969947","690668","9163.87"
"7/22/2020","18425537.50","114760459.15","4744.20","50976071","645211","9392.66"
"7/23/2020","18425756.25","103269918.09","4319.21","50985962","695393","9537.40"
"7/24/2020","18425981.25","168395155.02","4088.09","50999025","580509","9613.11"
"7/25/2020","18426200.00","128787740.29","3526.47","50999025","557183","9551.28"
"7/26/2020","18426418.75","83145125.80","4278.39","51016714","637480","9707.50"
"7/27/2020","18426637.50","169823595.55","4682.12","51023007","678907","9938.83"
"7/28/2020","18426856.25","569642411.59","4566.21","51033047","675799","11042.40"
"7/29/2020","18427075.00","352662968.64","4768.06","51048695","643688","10934.94"
"7/30/2020","18427293.75","253835681.09","4522.90","51061792","692004","11102.67"
"7/31/2020","18427525.00","201165672.44","4404.56","51072983","603425","11114.93"
"8/1/2020","18427743.75","222815243.13","4139.14","51072983","583619","11343.88"
"8/2/2020","18427962.50","240815458.97","4058.15","51086889","657420","11823.69"
"8/3/2020","18428181.25","289592847.79","4550.66","51100924","659846","11077.77"
"8/4/2020","18428400.00","159671026.47","4682.14","51106037","603996","11242.57"
"8/5/2020","18428625.00","122455803.77","4561.88","51114667","711653","11194.25"
"8/6/2020","18428843.75","182136390.17","4390.53","51128995","667361","11750.28"
"8/7/2020","18429062.50","203809369.94","4128.68","51143211","586273","11772.94"
"8/8/2020","18429281.25","215793133.73","3373.44","51143211","526256","11605.60"
"8/9/2020","18429500.00","86008564.67","4654.00","51154030","637598","11767.60"
"8/10/2020","18429718.75","59683346.89","4518.81","51162951","695896","11684.06"
"8/11/2020","18429937.50","218397180.68","4418.54","51179181","693711","11893.03"
"8/12/2020","18430156.25","249861736.79","4478.05","51191262","658273","11392.43"
"8/13/2020","18430375.00","141688775.61","4297.41","51204773","717667","11573.11"
"8/14/2020","18430593.75","161732026.41","4072.22","51213490","635267","11777.43"
"8/15/2020","18430812.50","131449767.04","3624.89","51213490","550983","11774.38"
"8/16/2020","18431031.25","101333020.28","4888.24","51229438","611030","11873.98"
"8/17/2020","18431250.00","63773670.15","4841.21","51241007","677770","11914.01"
"8/18/2020","18431468.75","253521339.71","4927.63","51249204","680013","12293.72"
"8/19/2020","18431687.50","217771115.22","4556.74","51264652","665284","11969.53"
"8/20/2020","18431906.25","208815095.82","4130.94","51275890","640295","11734.00"
"8/21/2020","18432125.00","96746302.16","4491.24","51289691","610809","11865.82"
"8/22/2020","18432343.75","153928936.99","3505.59","51289691","550377","11522.80"
"8/23/2020","18432562.50","85029155.46","4271.10","51304849","636394","11683.44"
"8/24/2020","18432787.50","39027595.40","4955.58","51317072","634314","11653.02"
"8/25/2020","18433006.25","75749356.94","4629.04","51328847","657323","11763.93"
"8/26/2020","18433225.00","168869325.89","5130.83","51337691","661877","11337.40"
"8/27/2020","18433443.75","104337127.36","4186.66","51353381","682426","11467.37"
"8/28/2020","18433662.50","152064701.87","4050.33","51363967","591348","11302.01"
"8/29/2020","18433881.25","125753228.67","4154.53","51363967","527625","11534.75"
"8/30/2020","18434100.00","48056174.59","4140.11","51381463","621017","11481.64"
"8/31/2020","18434318.75","54121905.84","4858.64","51390785","748231","11707.78"
"9/1/2020","18434537.50","102290923.35","4670.16","51403087","672503","11659.57"
"9/2/2020","18434756.25","176627448.53","5087.53","51412778","656292","11923.25"
"9/3/2020","18434975.00","265432700.67","4857.09","51426356","655707","11397.44"
"9/4/2020","18435193.75","361418115.39","4731.14","51438971","667091","10187.51"
"9/5/2020","18435412.50","310980390.16","3594.71","51438971","539207","10467.89"
"9/6/2020","18435631.25","222072428.23","3681.98","51443226","644347","10159.62"
"9/7/2020","18435850.00","89153592.59","4276.99","51453168","662934","10254.93"
"9/8/2020","18436068.75","153205856.50","4398.22","51467910","655335","10367.74"
"9/9/2020","18436293.75","194156867.12","4521.31","51479974","714367","10121.52"
"9/10/2020","18436518.75","113383268.70","4705.22","51489570","649320","10227.83"
"9/11/2020","18436737.50","147055601.29","3501.05","51504055","595179","10352.66"
"9/12/2020","18436956.25","101653161.45","3249.83","51504055","526472","10395.44"
"9/13/2020","18437175.00","57857607.94","3930.40","51518773","691750","10446.44"
"9/14/2020","18437393.75","81937985.72","4366.13","51531460","681117","10330.77"
"9/15/2020","18437612.50","143525658.63","4566.11","51541202","707747","10674.64"
"9/16/2020","18437831.25","135273030.33","3976.80","51559155","707871","10785.62"
"9/17/2020","18438050.00","154480376.58","4022.96","51573453","663788","10948.43"
"9/18/2020","18438268.75","117116914.35","4002.86","51585531","596426","10943.89"
"9/19/2020","18438487.50","88269394.26","3677.32","51585531","522180","10931.79"
"9/20/2020","18438706.25","54811966.39","4215.03","51592769","611180","11081.43"
"9/21/2020","18438925.00","69233310.91","4908.63","51608755","633213","10919.65"
"9/22/2020","18439143.75","193630537.92","4885.07","51621718","693680","10430.46"
"9/23/2020","18439362.50","99403513.65","4673.22","51642949","640231","10532.22"
"9/24/2020","18439581.25","124490884.24","4151.07","51652345","701530","10234.48"
"9/25/2020","18439800.00","124807106.50","3721.80","51667919","558270","10732.43"
"9/26/2020","18440018.75","129716552.89","3394.39","51667919","515948","10692.84"
"9/27/2020","18440237.50","48519033.92","4557.14","51682492","587871","10732.40"
"9/28/2020","18440456.25","50063044.87","4853.81","51702236","684387","10774.24"
"9/29/2020","18440675.00","109557462.42","4554.47","51711047","710498","10692.33"
"9/30/2020","18440893.75","89865245.23","5118.40","51724150","634681","10840.80"
"10/1/2020","18441112.50","89894642.89","4775.88","51744520","649520","10777.92"
"10/2/2020","18441331.25","183013787.43","4009.67","51762365","605460","10619.24"
"10/3/2020","18441550.00","150343724.51","3410.95","51762365","538930","10575.06"
"10/4/2020","18441775.00","31477196.12","4203.44","51769259","588481","10551.77"
"10/5/2020","18441993.75","31512003.10","4932.89","51784631","641276","10673.46"
"10/6/2020","18442212.50","78412225.05","4707.35","51801499","710810","10788.56"
"10/7/2020","18442431.25","103826838.32","3997.19","51814732","647544","10603.74"
"10/8/2020","18442650.00","102699834.10","4745.74","51821582","673895","10670.80"
"10/9/2020","18442875.00","142856446.66","4092.09","51838178","585169","10923.30"
"10/10/2020","18443093.75","120551930.58","3659.41","51838178","512318","11063.19"
"10/11/2020","18443312.50","97927463.15","4090.58","51859904","609497","11302.67"
"10/12/2020","18443531.25","60215827.90","4109.21","51874740","682129","11376.61"
"10/13/2020","18443750.00","166313556.27","4279.76","51894605","637684","11540.04"
"10/14/2020","18443968.75","117568933.26","4585.50","51903974","692411","11428.24"
"10/15/2020","18444193.75","93932070.95","4329.23","51919206","671031","11431.32"
"10/16/2020","18444412.50","111854678.06","3510.59","51933930","551163","11503.73"
"10/17/2020","18444631.25","109053461.56","3936.33","51933930","472360","11327.57"
"10/18/2020","18444850.00","34142836.40","4929.30","51952473","616163","11366.51"
"10/19/2020","18445068.75","29716243.88","4522.00","51961031","651168","11508.20"
"10/20/2020","18445287.50","139587584.35","4866.28","51974441","632617","11758.16"
"10/21/2020","18445506.25","167903083.01","5020.90","51995392","687863","11925.46"
"10/22/2020","18445725.00","486931525.62","5087.86","52011787","666510","12831.56"
"10/23/2020","18445943.75","234841376.77","4026.90","52016198","612089","12990.25"
"10/24/2020","18446162.50","151273932.41","4282.99","52016198","501110","12944.52"
"10/25/2020","18446381.25","69928610.91","4817.27","52027242","529900","13128.46"
"10/25/2020","18446600.00","111062981.35","5508.10","52039617","545302","13036.77"
"10/26/2020","18446818.75","176006371.04","5577.33","52049366","557733","13076.37"
"10/27/2020","18447037.50","325461283.40","5594.44","52056004","604200","13651.47"
"10/28/2020","18447256.25","310741338.15","5468.16","52071410","606966","13289.00"
"10/29/2020","18447475.00","228409072.25","5148.61","52083351","581793","13458.66"
"10/30/2020","18447693.75","265607933.73","4463.10","52083351","557888","13564.72"
"10/31/2020","18447912.50","194274881.26","5369.31","52092347","510084","13810.32"
"11/1/2020","18448131.25","81876480.69","4804.80","52106169","672672","13758.88"
"11/2/2020","18448350.00","202098850.11","4081.65","52120519","648982","13575.17"
"11/3/2020","18448568.75","213888432.28","4580.22","52129050","673293","14023.31"
"11/4/2020","18448787.50","303936796.23","4575.44","52135255","700042","14155.59"
"11/5/2020","18449006.25","575483038.23","3869.09","52148832","564887","15591.39"
"11/6/2020","18449225.00","418654253.50","3730.29","52148832","514780","15595.77"
"11/7/2020","18449443.75","320513832.29","3540.49","52162047","654991","14839.84"
"11/8/2020","18449662.50","168415197.35","4299.00","52179995","631953","15490.60"
"11/9/2020","18449881.25","392305674.14","4478.53","52179995","658344","15328.53"
"11/10/2020","18450100.00","230269180.35","4179.64","52195068","668742","15317.04"
"11/11/2020","18450318.75","298105721.52","4595.33","52203973","638751","15708.65"
"11/12/2020","18450537.50","478495947.43","4042.35","52217981","574014","16295.57"
"11/13/2020","18450756.25","264263990.36","3453.59","52217981","518038","16339.33"
"11/14/2020","18450975.00","163501040.45","3880.37","52226563","620859","16091.07"
"11/15/2020","18451193.75","97292561.75","4464.15","52239036","700871","15968.16"
"11/16/2020","18451412.50","293272996.48","4358.94","52249631","736661","16725.15"
"11/17/2020","18451631.25","424743957.98","4790.01","52265582","656231","17679.72"
"11/18/2020","18451850.00","633847834.58","4256.71","52272414","715127","17798.45"
"11/19/2020","18452068.75","358043942.42","3690.62","52281159","623714","17820.57"
"11/20/2020","18452287.50","374130037.11","3191.05","52281159","555243","18687.45"
"11/21/2020","18452506.25","256287553.65","4180.23","52295017","614494","18699.75"
"11/22/2020","18452725.00","276025442.59","5095.35","52308662","692967","18422.28"
"11/23/2020","18452943.75","344268444.63","4811.57","52313081","745794","18398.91"
"11/24/2020","18453162.50","523228040.51","4581.17","52321780","687176","19172.52"
"11/25/2020","18453381.25","357330319.00","4357.09","52335648","670992","18739.80"
"11/26/2020","18453606.25","867494794.10","3863.29","52349422","594947","17151.44"
"11/27/2020","18453825.00","334361872.05","3597.20","52349422","539580","17138.87"
"11/28/2020","18454043.75","203020072.50","5046.66","52353235","570273","17732.42"
"11/29/2020","18454262.50","192293943.97","5020.16","52364618","763064","18191.60"
"11/30/2020","18454481.25","570429939.18","5349.95","52379036","700843","19709.73"
"12/1/2020","18454700.00","586228902.90","4591.42","52391025","720853","18792.52"
"12/2/2020","18454918.75","311500178.63","4712.47","52397682","678596","19226.97"
"12/3/2020","18455137.50","269817738.90","4131.94","52413099","594999","19454.54"
"12/4/2020","18455356.25","278793731.24","3888.68","52419945","528861","18670.49"
"12/5/2020","18455575.00","114151706.81","4144.59","52429897","621689","19155.06"
"12/6/2020","18455793.75","119935507.47","4688.87","52429897","675197","19377.66"
"12/7/2020","18456012.50","176619929.70","4971.51","52443982","691040","19181.41"
"12/8/2020","18456231.25","273878281.01","5062.92","52458602","658180","18318.87"
"12/9/2020","18456450.00","377966775.19","4856.25","52467263","670162","18554.15"
"12/10/2020","18456668.75","264270264.56","4571.18","52479010","603396","18247.76"
"12/11/2020","18456887.50","291983141.38","3610.44","52494126","563229","18029.36"
"12/12/2020","18457106.25","175018094.73","4391.34","52507724","636744","18803.44"
"12/13/2020","18457325.00","197236995.26","4775.35","52507724","668549","19164.48"
"12/14/2020","18457543.75","156397143.18","4901.71","52517141","700944","19276.59"
"12/15/2020","18457762.50","288887515.24","5407.27","52532141","697538","19439.75"
"12/16/2020","18457981.25","712598806.50","5052.08","52540394","793177","21379.48"
"12/17/2020","18458200.00","1177690832.14","4456.33","52551477","704100","22847.46"
"12/18/2020","18458418.75","465956413.35","3897.05","52563714","588455","23150.79"
"12/19/2020","18458637.50","428547892.62","4350.56","52580626","591676","23869.92"
"12/20/2020","18458856.25","301633611.36","4847.91","52580626","693251","23490.58"
"12/21/2020","18459075.00","647260163.44","4812.60","52602380","741140","22745.48"
"12/22/2020","18459293.75","433884278.64","4837.48","52602380","609522","23824.99"
"12/23/2020","18459512.50","583254745.83","4266.60","52613749","614390","23253.37"
"12/24/2020","18459731.25","344759537.11","4269.47","52627011","584918","23715.53"
"12/25/2020","18459950.00","375518728.16","4346.57","52636905","643292","24693.58"
"12/26/2020","18460168.75","530655727.48","4190.01","52649995","670402","26443.21"
"12/27/2020","18460387.50","822241572.21","4763.87","52649995","724108","26246.58"
"12/28/2020","18460606.25","511058869.79","4434.83","52664855","762791","27036.69"
"12/29/2020","18460831.25","584575020.23","4680.42","52670406","776950","27376.37"
"12/30/2020","18461050.00","751041810.95","3925.74","52679545","584936","28856.59"
"12/31/2020","18461275.00","606524119.46","4414.30","52691679","666559","28982.56"
"1/1/2021","18461493.75","491258037.69","4742.78","52706520","749359","29393.75"
"1/2/2021","18461712.50","1393906626.11","4622.22","52716021","799644","32195.46"
"1/3/2021","18461931.25","975831414.56","5039.38","52716021","791183","33000.78"
"1/4/2021","18462150.00","1432013252.84","4849.69","52723143","858396","32035.03"
"1/5/2021","18462368.75","1026923831.74","5173.02","52738000","869067","34046.67"
"1/6/2021","18462587.50","1414154052.90","5555.53","52748656","822219","36860.41"
"1/7/2021","18462812.50","1836614178.52","5071.01","52761769","704870","39486.04"
"1/8/2021","18463031.25","1794260806.92","4493.77","52776130","714509","40670.25"
"1/9/2021","18463250.00","711474842.74","4904.12","52782166","755234","40240.72"
"1/10/2021","18463468.75","1415450812.94","4970.48","52782166","735631","38240.09"
"1/11/2021","18463687.50","3039065355.85","4723.84","52790178","718023","35544.94"
"1/12/2021","18463906.25","1344114134.93","5060.93","52802179","743956","34011.82"
"1/13/2021","18464125.00","1209077691.91","4940.06","52817610","765710","37393.13"
"1/14/2021","18464343.75","988940894.49","4801.36","52827302","705800","39158.47"
"1/15/2021","18464568.75","1194986405.28","4483.86","52832604","596354","36828.52"
"1/16/2021","18464787.50","685084801.60","4588.37","52845759","665314","36065.20"
"1/17/2021","18465006.25","650030053.94","4747.30","52845759","707347","35793.01"
"1/18/2021","18465225.00","590495165.82","5021.21","52856667","707990","36632.35"
"1/19/2021","18465443.75","579558848.88","5420.08","52866757","699190","36020.13"
"1/20/2021","18465662.50","913461956.84","5270.18","52879805","748366","35538.98"
"1/21/2021","18465881.25","1473827003.78","4290.92","52886211","665092","30797.88"
"1/22/2021","18466100.00","1271924926.15","4122.53","52895372","573031","33002.38"
"1/23/2021","18466318.75","414697183.05","4860.14","52905086","680419","32099.74"
"1/24/2021","18466537.50","362355621.49","4460.50","52905086","718140","32276.84"
"1/25/2021","18466756.25","724029496.82","5234.11","52919425","743244","32243.26"
"1/26/2021","18466975.00","782611741.17","5045.21","52928509","731555","32541.80"
"1/27/2021","18467193.75","1231838586.16","5646.47","52932566","858263","30419.17"
"1/28/2021","18467412.50","1030518859.45","5301.59","52946313","721016","33403.17"
"1/29/2021","18467631.25","2130003472.97","4649.91","52960154","669587","34314.26"
"1/30/2021","18467850.00","559013708.16","5756.57","52969897","690789","34318.10"
"1/31/2021","18468075.00","358122291.45","5390.59","52969897","819369","33136.46"
"2/1/2021","18468293.75","555827113.91","5238.83","52980709","785825","33522.90"
"2/2/2021","18468512.50","598901450.23","5366.96","52991948","858713","35529.66"
"2/3/2021","18468731.25","704292313.84","4844.24","52996752","818677","37676.25"
"2/4/2021","18468950.00","833075414.85","4734.03","53005261","752711","37002.09"
"2/5/2021","18469175.00","464369301.49","4370.54","53017708","681805","38278.61"
"2/6/2021","18469393.75","815234883.48","4774.81","53029649","773519","39323.26"
"2/7/2021","18469612.50","507510700.35","5941.90","53029649","849692","38928.10"
"2/8/2021","18469831.25","1848583587.01","5732.22","53033100","819708","46364.30"
"2/9/2021","18470050.00","1278680840.43","5889.29","53045312","759719","46589.58"
"2/10/2021","18470268.75","854939011.70","5772.84","53055487","819743","44878.17"
"2/11/2021","18470487.50","990292287.05","4804.92","53064150","754373","48013.38"
"2/12/2021","18470712.50","689712445.31","4410.17","53075277","657115","47471.40"
"2/13/2021","18470931.25","410208224.08","4826.13","53087838","728745","47185.19"
"2/14/2021","18471150.00","517594005.19","5843.69","53087838","707087","48720.37"
"2/15/2021","18471368.75","708415696.94","5716.13","53092773","788826","47951.85"
"2/16/2021","18471587.50","899200170.73","5706.45","53100248","781784","49160.10"
"2/17/2021","18471806.25","1071500775.30","5562.52","53112223","851065","52118.23"
"2/18/2021","18472031.25","665321948.17","5438.79","53122759","794063","51608.15"
"2/19/2021","18472250.00","1203321961.67","4606.45","53125885","649509","55916.50"
"2/20/2021","18472468.75","737451802.20","5532.42","53134626","735812","56001.20"
"2/21/2021","18472687.50","515842591.93","6114.49","53134626","776540","57487.86"
"2/22/2021","18472906.25","1925933019.17","5302.42","53146374","843085","54123.40"
"2/23/2021","18473131.25","2125994179.92","5148.74","53156377","803204","48880.43"
"2/24/2021","18473350.00","1058762335.03","5753.88","53166068","799790","50624.84"
"2/25/2021","18473568.75","915917915.70","4767.38","53172942","748478","46800.42"
"2/26/2021","18473787.50","1077018778.27","4581.47","53185834","600172","46340.31"
"2/27/2021","18474006.25","399909227.56","5513.58","53193624","716765","46155.87"
"2/28/2021","18474225.00","724061272.71","5380.68","53193624","769437","45113.92"
"3/1/2021","18474443.75","967845187.16","5274.40","53208166","801709","49618.43"
"3/2/2021","18474662.50","645712708.93","5686.41","53215210","727861","48356.04"
"3/3/2021","18474881.25","806146031.42","5329.13","53226250","794041","50477.70"
"3/4/2021","18475100.00","781773549.72","4417.18","53236722","671411","48448.91"
"3/5/2021","18475318.75","757198942.49","4284.66","53250165","625560","48861.38"
"3/6/2021","18475537.50","314191307.88","4453.35","53256853","690269","48881.59"
"3/7/2021","18475762.50","439137853.70","5442.56","53256853","761959","51169.70"
"3/8/2021","18475981.25","593714546.00","5314.93","53264938","791925","52299.33"
"3/9/2021","18476200.00","757075750.39","5620.77","53277291","741942","54881.52"
"3/10/2021","18476418.75","1017432150.96","5352.56","53290770","802884","55997.23"
"3/11/2021","18476637.50","867544807.92","5060.03","53301525","723585","57764.00"
"3/12/2021","18476856.25","701008587.79","4497.60","53307785","706123","57253.28"
"3/13/2021","18477075.00","988962162.29","5175.30","53320829","765944","61258.73"
"3/14/2021","18477293.75","461229239.31","5401.79","53320829","804866","59133.47"
"3/15/2021","18477518.75","1029700470.85","5842.51","53329499","794582","55754.72"
"3/16/2021","18477737.50","933139262.09","5727.59","53337050","870593","56872.38"
"3/17/2021","18477956.25","870414831.54","5594.32","53343526","827960","58913.00"
"3/18/2021","18478175.00","769968936.62","4726.37","53356274","727861","57665.90"
"3/19/2021","18478393.75","512236900.77","3822.81","53364593","596359","58075.10"
"3/20/2021","18478612.50","388273949.24","5032.30","53375387","759878","58085.80"
"3/21/2021","18478831.25","493777972.15","4880.14","53375387","785703","57411.17"
"3/22/2021","18479050.00","818803864.27","4984.85","53384436","757697","54204.96"
"3/23/2021","18479268.75","694554383.75","5385.47","53388646","829362","54477.46"
"3/24/2021","18479493.75","930278334.35","5674.27","53395231","771701","52508.23"
"3/25/2021","18479712.50","798490265.92","4445.83","53405701","706887","51415.92"
"3/26/2021","18479931.25","654657557.76","3860.82","53418019","613871","55074.47"
"3/27/2021","18480150.00","417333164.98","4907.97","53425635","741103","55863.93"
"3/28/2021","18480368.75","354789416.13","5502.94","53425635","803429","55783.71"
"3/29/2021","18480593.75","778905384.42","5564.94","53431626","873695","57627.67"
"3/30/2021","18480812.50","505528990.80","5438.05","53449473","788517","58730.13"
"3/31/2021","18481031.25","716750367.22","5567.29","53458501","779421","58735.25"
"4/1/2021","18481250.00","384195844.24","5249.05","53467691","687625","58736.92"
"4/2/2021","18481468.75","484719745.72","4117.59","53473965","601168","59031.32"
"4/3/2021","18481693.75","350520423.45","4724.27","53486559","736986","57076.49"
"4/5/2021","18481918.75","244447137.71","5756.21","53486559","828894","58206.55"
"4/6/2021","18482137.50","401549573.23","5408.27","53493863","849098","59054.10"
"4/7/2021","18482356.25","389087525.58","5556.50","53504279","744571","58020.46"
"4/8/2021","18482575.00","756167636.08","5538.02","53516044","841779","55947.27"
"4/9/2021","18482793.75","475807458.14","4800.32","53524205","753650","58048.59"
"4/10/2021","18483012.50","407439694.04","4387.77","53528534","636227","58102.58"
"4/11/2021","18483231.25","689236659.54","5155.66","53539575","742415","59774.00"
"4/12/2021","18483450.00","315279095.95","5727.31","53539575","813278","59964.87"
"4/13/2021","18483668.75","533381831.04","6164.73","53550666","832239","59834.74"
"4/14/2021","18483887.50","932699539.66","5409.60","53561715","930451","63554.44"
"4/15/2021","18484106.25","1004822805.80","7236.20","53575212","745329","62969.12"
"4/16/2021","18484325.00","480649145.05","6645.80","53587633","604768","63252.63"
"4/17/2021","18484543.75","905029645.79","5939.19","53591694","736460","61455.98"
"4/18/2021","18484762.50","444839749.04","6979.97","53602438","677057","60087.09"
"4/19/2021","18484981.25","1795641744.09","6458.16","53602438","826644","56251.48"
"4/20/2021","18485200.00","829117286.55","7101.89","53615722","717291","55703.14"
"4/21/2021","18485418.75","971129684.12","5147.64","53624842","736113","56507.91"
"4/22/2021","18485637.50","629420904.77","5747.59","53634790","775925","53808.80"
"4/23/2021","18485862.50","1187405699.39","4800.76","53647172","696110","51731.71"
"4/24/2021","18486081.25","1413848471.23","4082.21","53657894","575591","51153.13"
"4/25/2021","18486300.00","458274326.69","5759.88","53662339","656626","50110.53"
"4/26/2021","18486518.75","576635611.22","5022.70","53662339","713223","49075.58"
"4/27/2021","18486743.75","848207062.77","4934.66","53674747","700722","54056.64"
"4/28/2021","18486962.50","509014490.49","5472.54","53688939","667650","55071.46"
"4/29/2021","18487181.25","563311741.81","4893.16","53698244","709508","54884.10"
"4/30/2021","18487400.00","579652972.72","4725.15","53703778","656796","53584.15"
"5/1/2021","18487618.75","683907404.46","3019.30","53716726","558571","57796.62"
"5/2/2021","18487837.50","337492054.70","4016.69","53730063","710955","57857.50"
"5/3/2021","18488056.25","286521388.99","4146.20","53730063","750462","56610.46"
"5/4/2021","18488275.00","571622384.96","5001.70","53738743","785267","57213.33"
"5/5/2021","18488493.75","836868262.64","4894.65","53751874","832090","53241.72"
"5/6/2021","18488712.50","775797222.56","4630.57","53765846","796458","57473.23"
"5/7/2021","18488931.25","605987088.77","4302.98","53775172","735810","56428.16"
"5/8/2021","18489150.00","622419281.36","3619.87","53781540","673296","57380.27"
"5/9/2021","18489375.00","523002028.07","4447.26","53789271","800507","58928.81"
"5/10/2021","18489593.75","534233808.39","4858.99","53806038","835747","58280.73"
"5/11/2021","18489812.50","903456808.97","4848.88","53816768","834007","55883.50"
"5/12/2021","18490031.25","546570032.50","4940.25","53830258","795381","56750.00"
"5/13/2021","18490250.00","928999961.16","5469.10","53830258","732859","49007.09"
"5/14/2021","18490468.75","1528100267.33","5184.11","53838268","637645","49702.27"
"5/15/2021","18490687.50","573671658.72","4488.09","53848460","592428","49922.52"
"5/16/2021","18490906.25","536658388.24","5508.56","53857421","666536","46736.58"
"5/17/2021","18491125.00","795540649.04","5964.80","53874669","596480","46441.64"
"5/18/2021","18491343.75","1365356635.49","5819.14","53887732","727392","43596.24"
"5/19/2021","18491562.50","776420981.72","6134.50","53897442","687064","42912.19"
"5/20/2021","18491781.25","3192479060.67","6325.81","53897442","695839","36964.27"
"5/21/2021","18492000.00","1507671102.54","5097.26","53904691","591282","40784.32"
"5/22/2021","18492218.75","1438210289.58","4640.64","53919623","552236","37280.35"
"5/23/2021","18492437.50","666031627.84","4950.63","53933673","623780","37528.30"
"5/24/2021","18492656.25","1106858419.38","5101.72","53947345","627511","34754.54"
"5/25/2021","18492875.00","1032788864.54","5103.71","53962279","622653","38728.59"
"5/26/2021","18493093.75","719154798.13","5029.96","53969300","588505","38410.50"
"5/27/2021","18493312.50","676198904.20","5094.04","53969300","606191","39266.04"
"5/28/2021","18493531.25","489470054.16","4532.99","53977552","525827","38445.29"
"5/29/2021","18493750.00","694420431.16","3237.58","53989717","466212","35689.62"
"5/30/2021","18493968.75","458364767.21","4127.93","54003620","582038","34647.67"
"5/31/2021","18494187.50","329083645.83","4148.08","54012214","589027","35684.59"
"6/1/2021","18494406.25","481997703.41","3864.04","54017547","641430","37310.54"
"6/2/2021","18494625.00","465003628.54","4570.88","54030335","671920","36662.64"
"6/3/2021","18494843.75","472220579.51","4753.73","54030335","622738","37585.24"
"6/4/2021","18495062.50","439066611.04","4097.85","54042376","536818","39188.59"
"6/5/2021","18495281.25","501492074.26","3074.23","54051345","461135","36885.51"
"6/6/2021","18495500.00","437701948.95","4418.67","54064452","587683","35530.38"
"6/7/2021","18495718.75","244244789.70","4331.61","54070881","645410","35816.17"
"6/8/2021","18495937.50","468061636.30","4593.21","54079775","578745","33514.87"
"6/9/2021","18496156.25","898174396.71","5582.10","54089822","658688","33450.19"
"6/10/2021","18496375.00","839878615.10","5720.60","54089822","600663","37338.36"
"6/11/2021","18496593.75","619830807.68","4276.27","54103040","564467","36704.57"
"6/12/2021","18496812.50","418192315.56","3537.79","54109814","466988","37313.18"
"6/13/2021","18497031.25","400987660.05","4392.58","54120575","592998","35494.90"
"6/14/2021","18497250.00","496421300.40","5041.49","54133987","660435","39066.82"
"6/15/2021","18497468.75","773480687.15","5098.15","54148169","627072","40525.80"
"6/16/2021","18497687.50","563639731.37","4533.09","54156314","589302","40188.56"
"6/17/2021","18497906.25","527484731.49","4487.18","54156314","556410","38324.87"
"6/18/2021","18498125.00","473543196.10","4678.18","54162823","481853","38068.04"
"6/19/2021","18498343.75","492347272.55","4106.00","54176009","431130","35729.82"
"6/20/2021","18498562.50","344470416.41","5051.21","54188967","530377","35524.17"
"6/21/2021","18498781.25","467990640.98","5958.08","54200481","542185","35592.35"
"6/22/2021","18499006.25","881732120.88","5678.70","54216169","573549","31686.55"
"6/23/2021","18499237.50","1181870044.73","5409.22","54224524","567968","32447.59"
"6/24/2021","18499456.25","567894517.44","4955.71","54224524","545128","33674.66"
"6/25/2021","18499681.25","346763748.58","5407.93","54237885","481306","34639.38"
"6/26/2021","18499900.00","487441486.44","6242.22","54253128","368291","31640.58"
"6/27/2021","18500118.75","383763274.67","6342.79","54268353","551823","32160.91"
"6/28/2021","18500337.50","356498319.39","6157.10","54274719","554139","34644.45"
"6/29/2021","18500556.25","355900532.46","6129.45","54290217","545521","34456.67"
"6/30/2021","18500781.25","385135142.10","6221.29","54309711","591023","35847.70"
"7/1/2021","18501006.25","406967841.48","5856.04","54309711","527044","35047.36"
"7/2/2021","18501225.00","324116506.02","4955.71","54323892","671920","33536.88"
"7/3/2021","18501443.75","217066486.52","5407.93","54328109","622738","33856.86"
